{"cameraMode":{"drawMode":0,"name":"Shaded","section":"Shading Mode"},"sceneLighting":true,"audioPlay":false,"sceneViewState":{"showFog":true,"showMaterialUpdate":false,"showSkybox":true,"showFlares":true,"showImageEffects":true,"showParticleSystems":true},"in2DMode":false,"pivot":{"x":-0.20000076293945313,"y":-1.046875,"z":-38.79999923706055},"rotation":{"x":0.05922010913491249,"y":0.7669634819030762,"z":-0.6349389553070068,"w":0.07153400778770447},"size":115.84994506835938,"orthographic":false}